<?xml version="1.0" encoding="UTF-8" ?>
<forecast queryTime="4/11/2024 2:30 PM" queryLocation="Singapore">
  <weather yyyymmdd="20240531">
    <year>2024</year>	
    <month>5</month>
    <date>31</date>
    <dayOfWeek>Fri</dayOfWeek> 
    <overall>Considerable clouds</overall>
    <overallCode>cloudy</overallCode>
    <highest>30</highest>
    <lowest>29</lowest>
  </weather>
  <weather yyyymmdd="20240615">
    <year>2024</year>	
    <month>6</month>
    <date>15</date>
    <dayOfWeek>Sat</dayOfWeek> 
    <overall>Cloudy with a thunderstorm</overall>
    <overallCode>thunderstorm</overallCode>
    <highest>29</highest>
    <lowest>26</lowest>
  </weather>
  <weather yyyymmdd="20240505">
    <year>2024</year>	
    <month>5</month>
    <date>5</date>
    <dayOfWeek>Sun</dayOfWeek> 
    <overall>Afternoon shower</overall>
    <overallCode>rain</overallCode>
    <highest>33</highest>
    <lowest>28</lowest>
  </weather>
  <weather yyyymmdd="20240709">
    <year>2024</year>	
    <month>7</month>
    <date>9</date>
    <dayOfWeek>Tues</dayOfWeek> 
    <overall>A morning shower, then rain</overall>
    <overallCode>rain</overallCode>
    <highest>35</highest>
    <lowest>30</lowest>
  </weather>
  <weather yyyymmdd="20240410">
    <year>2024</year>	
    <month>4</month>
    <date>10</date>
    <dayOfWeek>Wed</dayOfWeek> 
    <overall>Partly sunny</overall>
    <overallCode>partlySunny</overallCode>
    <highest>33</highest>
    <lowest>31</lowest>
  </weather>
  <weather yyyymmdd="20240608">
    <year>2024</year>	
    <month>6</month>
    <date>8</date>
    <dayOfWeek>Sat</dayOfWeek> 
    <overall>Plenty of sunshine</overall>
    <overallCode>sunny</overallCode>
    <highest>35</highest>
    <lowest>32</lowest>
  </weather>
</forecast>